Nombre,Aplicaciones,Caracteristicas,Etiqueta,Ficha Tecnica,Seleccionar,Texto,URL Video,Ventajas
Z5,"ALMIDON, ALUMNA, ALFALFA, BAUXITA, BENTONITA, CARBONATO DE CALCIO, CAOLIN, CAUCHO, DIOXIDO DE TITANIO ESMERIL, ESTRATO DE ZINC, GRAFITO, MAGNESIA, MARMOL, POLVO DE VIDRIO, SAL, SILICIO, SACAROSA YESO. ","1. CONFIABLE EN USO PARA PARTICULAS NO TOXICAS CON NIVEL DE EXPOSICION POR DEBAJO DE 15mgm3 Y POLVOS DE 12 MICRONES EN ADELANTE.

2. ES DE FACIL RESPIRACION Y COMUNICACIÓN, EL TRABAJADOR SE SIENTE COMODO_ 3. SU DISEÑO PERMITE UNA VISION CLARA DE LO QUE SE HACE, ASI COMO UTILIZAR LENTES Y ANTEOJOS DE SEGURIDAD. 4. POR SU DISEÑO SE AJUSTA CON PERFECCION AL ENTORNO DE SU CARA LOGRANDO ASI UN SELLO EVITANDO LA ENTRADA DE POLVOS. NO REQUIERE DE BANDA METALICA QUE OCASIONA MOLESTIAS AL PUENTE DE LA NARIZ.

5. TIENE UNA BANDA ELASTICA INDEFORMABLE QUE SIRVE PARA DARLE UNA MININA PRESION DE SUJESCION A LA MASCARILLA

6. ES ECONOMICA, DE BAJO COSTO, NO REQUIERE DE MANTENIMIENTO Y LIMPIEZA, SU DURABILIDAD ES DE UN TURNO DE TRABAJO, DESECHANDOLA AL FINAL. 7. SU AJUSTE PERFECTO PERMITE NO UTILIZAR EN SU INTERIOR ADITAMENTOS DE HULE ESPUMA USANDO COMO AJUSTE DE SELLADO UNA FELPA INTEGRADA_ FORMA DE EMPAQUE: 50 MASCARILLAS

",Partículas no Tóxicas,http://l6000297.ferozo.com/pdf/Z5.pdf,Mascarilla desechable,,https://youtu.be/8jujTS9M9vE,
8g,"Polvos molestos y partículas libres de aceite como madera, vidrio, harina, yeso, esmeril, fibras textiles, desperdicios, papel, cartón, granos. Aplicable a industrias como la alimenticia, hospitalaria y electrónica.","Es un respirador sencillo purificador con clip nasal y doble liga. Es totalmente anatómico como todos nuestros respiradores AP y brinda un ajuste perfecto. El medio filtrante es para remover partículas mayores a 10 micras, estos pueden ser polvos libres de aceite. Se fabrica en tamaño mediano adaptable a cualquier cara.",Partículas No Tóxicas,http://l6000297.ferozo.com/pdf/8G_8GV.pdf,Mascarilla desechable,,,
Z6,"1) No obstaculiza la respiración

2) Es un respirador desechable (libre de mantenimiento)

3) Sus elásticos no se deforman a altas temperaturas.

4) Permite una respiración fácil y cómoda.

5) Son muy livianos y no distorsionan la voz.

6) Fácil de ajustar el rostro debido a su forma anatómica y ergonómica característica. Aparte cuenta con un clip nasal que brinda un sello confortable al dorso de la nariz.

7) Gran resistencia a la deformación ocasionada por la humedad.

8) Se ajusta fácilmente debajo de los ojos.

9) Compatibilidad con otros equipos de seguridad como lo son lentes, tapones auditivos, cascos, escafandras, etc.

10) Buena relación Costo – Eficiencia.

11) Esta totalmente acojinado por la parte interna.

12) Sobrepasa las normatividades vigentes.



CONFIABLE EN SU USO PARA PROTECCIÓN CONTRA POLVOS DERIVADOS DE PROCESOS INDUSTRIALES COMO LO SON: CORTE, PULIDO, LIJADO, MOLIENDA Y BARRIDO, POLVOS MINERALES DE HIERRO, ALUMINIO, ACERO, HARINA, MADERA, CEMENTO, FIBRAS TEXTILES, CARBON, SILICE.

NO SE USE CONTRA PARTICULAS CUYO LIMITE MAXIMO PERMISIBLE DE EXPOSICION PARA 8 HORAS SEA MENOR A 0.05 mg/m DE AIRE Y CUANDO LA CONCENTRACION DE OXIGENO SEA MENOR A 19.5%. (Pintura en spray, aerosoles con aceite, gases, vapores orgánicos y humos de fundiciones)","Es un respirador purificador de aire que contiene un medio filtrante electroestático de alta tecnología diseñado para retener partículas y neblinas sólidas libres de aceite. Tiene una eficiencia mínima del 95%.

",Partículas Tóxicas,http://l6000297.ferozo.com/pdf/Z6_Z6V.pdf,Mascarilla desechable,,,
Z,"1) No obstaculiza la respiración

2) Es un respirador desechable (libre de mantenimiento)

3) Sus elásticos no se deforman a altas temperaturas, y están sujetos al respirador por medio de un sistema extra resistente.

4) Anatómico y cómodo.

5) Excelente retención de partículas.

6) Permite una respiración fácil y cómoda.

7) Son muy livianos y no distorsionan la voz.

8) Fácil de ajustar el rostro debido a su forma anatómica y ergonómica característica. Aparte cuenta con un clip nasal que brinda un sello confortable al dorso de la nariz.

9) Gran resistencia a la deformación ocasionada por la humedad.

10) Se ajusta fácilmente debajo de los ojos.

11) Compatibilidad con otros equipos de seguridad como lo son lentes, tapones auditivos, cascos, escafandras, etc.

12) Tamaño estándar adaptable a cualquier tipo de cara.

13) Buena relación Costo – Eficiencia.

14) Esta totalmente acojinado por la parte interna, lo que hace su contacto al rostro muy suave.

15) Sobrepasa las normatividades vigentes.

16) Totalmente hipoalergénico.



CONFIABLE EN SU USO PARA PROTECCIÓN CONTRA HUMOS, NEBLINAS, Y POLVOS LIBRES DE ACEITE DERIVADOS DE PROCESOS COMO: FUNDICION, CORTE, MOLIENDA, ETC.

NO SE USE CONTRA PARTICULAS CUYO LIMITE MAXIMO PERMISIBLE DE EXPOSICION PARA 8 HORAS SEA MENOR A 0.05 mg/m DE AIRE Y CUANDO LA CONCENTRACION DE OXIGENO SEA MENOR A 19.5%.",Es un respirador purificador de aire que contiene un medio filtrante electroestático de alta tecnología resistente al taponamiento diseñado para retener partículas y neblinas sólidas libres de aceite. Tiene una eficiencia mínima del 99%.,Partículas Extra Finas N99,http://l6000297.ferozo.com/pdf/Z_ZV.pdf,Mascarilla desechable,"Norma: cumple con la NOM 116-stps-2009, la NMX-s-054-scfi-2013.

",,
M10,"1) No obstaculiza la respiración

2) Es un respirador desechable (libre de mantenimiento)

3) Sus elásticos no se deforman a altas temperaturas.

4) Permite una respiración fácil y cómoda.

5) Son muy livianos y no distorsionan la voz.

6) Fácil de ajustar el rostro debido a su forma anatómica y ergonómica característica. Aparte cuenta con un clip nasal plástico que brinda un sello confortable al dorso de la nariz.

7) Gran resistencia a la deformación ocasionada por la humedad.

8) Se ajusta fácilmente debajo de los ojos.

9) Compatibilidad con otros equipos de seguridad como lo son lentes, tapones auditivos, cascos, escafandras, etc.

10) Buena relación Costo - Eficiencia.

CONFIABLE EN SU USO PARA PROTECCIÓN CONTRA POLVOS DERIVADOS DE PROCESOS INDUSTRIALES COMO LO SON: CORTE, PULIDO, LIJADO, MOLIENDA Y BARRIDO, POLVOS MINERALES DE HIERRO, ALUMINIO, ACERO, HARINA, MADERA, CEMENTO, FIBRAS TEXTILES, CARBON, SILICE.

NO SE USE CONTRA PARTICULAS CUYO LIMITE MAXIMO PERMISIBLE DE EXPOSICION SEA MENOS A 0.05 mg/m³ Y CUANDO LA CONCENTRACION DE OXIGENO SEA MENOR A 19.5%.

(Pintura en spray, aerosoles con aceite, gases, vapores orgánicos y humos de fundiciones) NORMA: Cumple con la NOM 116-STPS-1994 en su tipo P-1, así como con los parámetros de N95.

ESTE RESPIRADOR NO SUMINISTRA OXIGENO.",Es un respirador purificador de aire que contiene un medio filtrante electroestático de alta tecnología diseñado para retener partículas y neblinas sólidas libres de aceite. Tiene una eficiencia mínima del 95%.,N95,http://l6000297.ferozo.com/pdf/M10_M10V.pdf,Mascarilla desechable,,,
M10V,"1) No obstaculiza la respiración

2) Es un respirador desechable (libre de mantenimiento)

3) Sus elásticos no se deforman a altas temperaturas.

4) Permite una respiración fácil y cómoda.

5) Son muy livianos y no distorsionan la voz.

6) Fácil de ajustar el rostro debido a su forma anatómica y ergonómica característica. Aparte cuenta con un clip nasal plástico que brinda un sello confortable al dorso de la nariz.

7) Gran resistencia a la deformación ocasionada por la humedad.

8) Se ajusta fácilmente debajo de los ojos.

9) Compatibilidad con otros equipos de seguridad como lo son lentes, tapones auditivos, cascos, escafandras, etc.

10) Buena relación Costo - Eficiencia.

11) Su válvula de exhalación proporciona al usuario frescura en el interior del respirador.



CONFIABLE EN SU USO PARA PROTECCIÓN CONTRA POLVOS DERIVADOS DE PROCESOS INDUSTRIALES COMO LO SON: CORTE, PULIDO, LIJADO, MOLIENDA Y BARRIDO, POLVOS MINERALES DE HIERRO, ALUMINIO, ACERO, HARINA, MADERA, CEMENTO, FIBRAS TEXTILES, CARBON, SILICE.

NO SE USE CONTRA PARTICULAS CUYO LIMITE MAXIMO PERMISIBLE DE EXPOSICION SEA MENOS A 0.05 mg/m³ Y CUANDO LA CONCENTRACION DE OXIGENO SEA MENOR A 19.5%. (Pintura en spray, aerosoles con aceite, gases, vapores orgánicos y humos de fundiciones)",Es un respirador purificador de aire que contiene un medio filtrante electroestático de alta tecnología diseñado para retener partículas y neblinas sólidas libres de aceite. Tiene una eficiencia mínima del 95%.,N95,http://l6000297.ferozo.com/pdf/M10_M10V.pdf,Mascarilla desechable,"Norma: cumple con la NOM 116-stps-2009, la NMX-s-054-scfi-2013.",,
M10 Mini,"CONFIABLE EN SU USO HUMOS, NEBLINAS Y PARTICULAS LIBRES DE CAEITE, PROCESOS DE FUNDICION, CORTE CON SOPLETE, SOLDADURA ELECTRICA Y AUTOGENA. INDUSTRIA PETROQUIMICA, AGRICULTURA, APLICACIÓN DE ASFALTOS. PROTECCIÓN CONTRA HUMOS METALICOS, Y VAPORES ORGANICOS.","Es un respirador purificador de aire que contiene una combinación de medio filtrante electroestático de alta tecnología con una

eficiencia mínima del 95%, diseñado para retener partículas y neblinas sólidas libres de aceite y por otro lado un filtro de carbón

activado para aplicaciones de humos, neblinas, pintura, barniz y manejo de agroquímicos.

",,http://l6000297.ferozo.com/pdf/M10_Mini.pdf,Respirador facial para niño,"Norma: cumple con la NOM 116-stps-2009, la NMX-s-054-scfi-2013.

",,
M11,"1) No obstaculiza la respiración

2) Es un respirador desechable (libre de mantenimiento).

3) A prueba de aceite.

4) Sus elásticos no se deforman a altas temperaturas, brindan un ajuste cómodo.

5) Permite una respiración fácil y cómoda.

6) Son muy livianos y no distorsionan la voz.

7) Fácil de ajustar el rostro debido a su forma anatómica y ergonómica característica. Aparte cuenta con un clip nasal plástico que brinda un sello confortable al dorso de la nariz.

8) Gran resistencia a la deformación ocasionada por la humedad.

9) Se ajusta fácilmente debajo de los ojos.

10) Compatibilidad con otros equipos de seguridad como lo son lentes, tapones auditivos, cascos, escafandras, etc.

11) Buena relación Costo - Eficiencia.

CONFIABLE EN SU USO PARA PROTECCIÓN CONTRA HUMOS NEBLINAS Y PARTICULAS CON ACEITE.

PROCESOS DE FUNDICION, SOLDADURA, PROCESOS INDUSTRIALES CON NEBLINAS DE ACEITE, APLICACIÓN DE AGROQUIMICOS, PLAGUICIDAS.

NO SE USE CONTRA PARTICULAS CUYO LIMITE MAXIMO PERMISIBLE DE EXPOSICION SEA MENOS A 0.05 mg/m³ Y CUANDO LA CONCENTRACION DE OXIGENO SEA MENOR A 19.5%.",Es un respirador purificador de aire que contiene un medio filtrante electroestático de alta tecnología diseñado para retener partículas y neblinas sólidas que contienen aceite. Tiene una eficiencia mínima del 95%. Filtro resistente al taponamiento.,P95,http://l6000297.ferozo.com/pdf/M11_M11V.pdf,Mascarilla desechable,"Norma: cumple con la NOM 116-stps-2009, la NMX-s-054-scfi-2013.",,
M11V,"1) No obstaculiza la respiración

2) Es un respirador desechable (libre de mantenimiento).

3) A prueba de aceite.

4) Sus elásticos no se deforman a altas temperaturas, brindan un ajuste cómodo.

5) Permite una respiración fácil y cómoda.

6) Son muy livianos y no distorsionan la voz.

7) Fácil de ajustar el rostro debido a su forma anatómica y ergonómica característica. Aparte cuenta con un clip nasal plástico que brinda un sello confortable al dorso de la nariz.

8) Gran resistencia a la deformación ocasionada por la humedad.

9) Se ajusta fácilmente debajo de los ojos.

10) Compatibilidad con otros equipos de seguridad como lo son lentes, tapones auditivos, cascos, escafandras, etc.

11) Buena relación Costo - Eficiencia.

12) Su válvula de exhalación proporciona al usuario frescura en el interior del respirador



CONFIABLE EN SU USO PARA PROTECCIÓN CONTRA HUMOS NEBLINAS Y PARTICULAS CON ACEITE.

PROCESOS DE FUNDICION, SOLDADURA, PROCESOS INDUSTRIALES CON NEBLINAS DE ACEITE, APLICACIÓN DE AGROQUIMICOS, PLAGUICIDAS.

NO SE USE CONTRA PARTICULAS CUYO LIMITE MAXIMO PERMISIBLE DE EXPOSICION SEA MENOS A 0.05 mg/m³ Y CUANDO LA CONCENTRACION DE OXIGENO SEA MENOR A 19.5%.","Es un respirador purificador de aire que contiene un medio filtrante electroestático de alta tecnología diseñado para retener partículas y neblinas sólidas que contienen aceite. Tiene una eficiencia mínima del 95%. Filtro resistente al taponamiento.

",P95,http://l6000297.ferozo.com/pdf/M11_M11V.pdf,Mascarilla desechable,"Norma: cumple con la NOM 116-stps-2009, la NMX-s-054-scfi-2013.",,
M14,"1) No obstaculiza la respiración

2) Es un respirador desechable (libre de mantenimiento)

3) Sus elásticos no se deforman a altas temperaturas.

4) Permite una respiración fácil y cómoda.

5) Son muy livianos, no distorsionan la voz.

6) Fácil de ajustar el rostro debido a su forma anatómica y ergonómica característica. Aparte cuenta con un clip nasal plástico que brinda un sello confortable al dorso de la nariz.

7) Gran resistencia a la deformación ocasionada por la humedad.

8) Se ajusta fácilmente debajo de los ojos.

9) Compatibilidad con otros equipos de seguridad como lo son lentes, tapones auditivos, cascos, escafandras, etc.

10) Buena relación Costo - Eficiencia.

11) Cuenta con un filtro de carbón activado para vapores orgánicos y gases ácidos.



CONFIABLE EN SU USO HUMOS, NEBLINAS Y PARTICULAS LIBRES DE CAEITE, PROCESOS DE FUNDICION, CORTE CON SOPLETE, SOLDADURA ELECTRICA Y AUTOGENA. INDUSTRIA PETROQUIMICA, AGRICULTURA, APLICACIÓN DE ASFALTOS. PROTECCIÓN CONTRA HUMOS METALICOS, Y VAPORES ORGANICOS.

NO SE USE CONTRA PARTICULAS CUYO LIMITE MAXIMO PERMISIBLE DE EXPOSICION SEA MENOS A 0.05 mg/m³ Y CUANDO LA CONCENTRACION DE OXIGENO SEA MENOR A 19.5%.","Es un respirador purificador de aire que contiene una combinación de medio filtrante electroestático

de alta tecnología con una eficiencia mínima del 95%, diseñado para retener partículas y neblinas

sólidas libres de aceite y por otro lado un filtro de carbón activado para aplicaciones de humos,

neblinas, pintura, barniz y manejo de agroquímicos.

",M14,http://l6000297.ferozo.com/pdf/M14_M14V.pdf,Mascarilla desechable,"Norma: cumple con la NOM 116-stps-2009, la NMX-s-054-scfi-2013.",,
M14V,"1) No obstaculiza la respiración

2) Es un respirador desechable (libre de mantenimiento)

3) Sus elásticos no se deforman a altas temperaturas.

4) Permite una respiración fácil y cómoda.

5) Son muy livianos, no distorsionan la voz.

6) Fácil de ajustar el rostro debido a su forma anatómica y ergonómica característica. Aparte cuenta con un clip nasal plástico que brinda un sello confortable al dorso de la nariz.

7) Gran resistencia a la deformación ocasionada por la humedad.

8) Se ajusta fácilmente debajo de los ojos.

9) Compatibilidad con otros equipos de seguridad como lo son lentes, tapones auditivos, cascos, escafandras, etc.

10) Buena relación Costo - Eficiencia.

11) Su válvula de exhalación proporciona al usuario frescura en el interior del respirador.

12) Cuenta con un filtro de carbón activado para vapores orgánicos y ciertos gases ácidos en pequeñas concentraciones.



CONFIABLE EN SU USO HUMOS, NEBLINAS Y PARTICULAS LIBRES DE CAEITE, PROCESOS DE FUNDICION, CORTE CON SOPLETE, SOLDADURA ELECTRICA Y AUTOGENA. INDUSTRIA PETROQUIMICA, AGRICULTURA, APLICACIÓN DE ASFALTOS. PROTECCIÓN CONTRA HUMOS METALICOS, Y VAPORES ORGANICOS.

NO SE USE CONTRA PARTICULAS CUYO LIMITE MAXIMO PERMISIBLE DE EXPOSICION SEA MENOS A 0.05 mg/m³ Y CUANDO LA CONCENTRACION DE OXIGENO SEA MENOR A 19.5%.
ESTE RESPIRADOR NO SUMINISTRA OXIGENO.","Es un respirador purificador de aire que contiene una combinación de medio filtrante electroestático de alta tecnología con una eficiencia mínima del 95%, diseñado para retener partículas y neblinas sólidas libres de aceite y por otro lado un filtro de carbón activado para aplicaciones de humos, neblinas, pintura, barniz y manejo de agroquímicos. ",M14V,http://l6000297.ferozo.com/pdf/M14_M14V.pdf,Mascarilla desechable,"Norma: cumple con la NOM 116-stps-2009, la NMX-s-054-scfi-2013.",,
M15,"1) No obstaculiza la respiración.
2) Es un respirador desechable (libre de mantenimiento).
3) A prueba de aceite.
4) Sus elásticos no se deforman a altas temperaturas, brindan un ajuste confortable.
5) Permite una respiración fácil y cómoda.
6) Son muy livianos y no distorsionan la voz.
7) Fácil de ajustar el rostro debido a su forma anatómica y ergonómica característica. Aparte cuenta con un clip nasal plástico que brinda un sello confortable al dorso de la nariz.
8) Gran resistencia a la deformación ocasionada por la humedad.
9) Se ajusta fácilmente debajo de los ojos.
10) Compatibilidad con otros equipos de seguridad como lo son lentes, tapones auditivos, cascos, escafandras, etc.
11) Buena relación Costo - Eficiencia.
12) Cuenta con un filtro de carbón activado para vapores orgánicos y ciertos gases ácidos en pequeñas concentraciones.


CONFIABLE EN SU USO PARA PROTECCIÓN CONTRA HUMOS NEBLINAS Y PARTICULAS CON ACEITE.
PROCESOS DE FUNDICION, SOLDADURA, PROCESOS INDUSTRIALES CON NEBLINAS DE ACEITE, APLICACIÓN DE AGROQUIMICOS, PLAGUICIDAS.
NO SE USE CONTRA PARTICULAS CUYO LIMITE MAXIMO PERMISIBLE DE EXPOSICION SEA MENOS A 0.05 mg/m³ Y CUANDO LA CONCENTRACION DE OXIGENO SEA MENOR A 19.5%.


Norma: cumple con la NOM 116-stps-2009, la NMX-s-054-scfi-2013.

ESTE RESPIRADOR NO SUMINISTRA OXIGENO","Es un respirador purificador de aire que contiene una combinación de medio filtrante electroestático de alta tecnología con una eficiencia mínima del 95%, diseñado para retener partículas y neblinas que contienen aceite y por otro lado un filtro de carbón activado.",M15,http://l6000297.ferozo.com/pdf/M15_M15V.pdf,Mascarilla desechable,"Norma: cumple con la NOM 116-stps-2009, la NMX-s-054-scfi-2013.",,
M15V,"1) No obstaculiza la respiración.
2) Es un respirador desechable (libre de mantenimiento).
3) A prueba de aceite.
4) Sus elásticos no se deforman a altas temperaturas, brindan un ajuste confortable.
5) Permite una respiración fácil y cómoda.
6) Son muy livianos y no distorsionan la voz.
7) Fácil de ajustar el rostro debido a su forma anatómica y ergonómica característica. Aparte cuenta con un clip nasal plástico que brinda un sello confortable al dorso de la nariz.
8) Gran resistencia a la deformación ocasionada por la humedad.
9) Se ajusta fácilmente debajo de los ojos.
10) Compatibilidad con otros equipos de seguridad como lo son lentes, tapones auditivos, cascos, escafandras, etc.
11) Buena relación Costo - Eficiencia.
12) Cuenta con un filtro de carbón activado para vapores orgánicos y ciertos gases ácidos en pequeñas concentraciones.
13) Su válvula de exhalación proporciona al usuario frescura en el interior del respirador.
CONFIABLE EN SU USO PARA PROTECCIÓN CONTRA HUMOS NEBLINAS Y PARTICULAS CON ACEITE.
PROCESOS DE FUNDICION, SOLDADURA, PROCESOS INDUSTRIALES CON NEBLINAS DE ACEITE, APLICACIÓN DE AGROQUIMICOS, PLAGUICIDAS.
NO SE USE CONTRA PARTICULAS CUYO LIMITE MAXIMO PERMISIBLE DE EXPOSICION SEA MENOS A 0.05 mg/m³ Y CUANDO LA CONCENTRACION DE OXIGENO SEA MENOR A 19.5%.
Norma: cumple con la NOM 116-stps-2009, la NMX-s-054-scfi-2013.



ESTE RESPIRADOR NO SUMINISTRA OXIGENO","Es un respirador purificador de aire que contiene una combinación de medio filtrante electroestático de alta tecnología con una eficiencia mínima del 95%, diseñado para retener partículas y neblinas que contienen aceite y por otro lado un filtro de carbón activado.",M15V,http://l6000297.ferozo.com/pdf/M15_M15V.pdf,Mascarilla desechable,"Norma: cumple con la NOM 116-stps-2009, la NMX-s-054-scfi-2013.",,
M17 V,"CONFIABLE EN SU USO PARA PROTECCIÓN CONTRA HUMOS NEBLINAS Y PARTÍCULAS CON ACEITE. PROCESOS DE FUNDICIÓN, SOLDADURA, PROCESOS INDUSTRIALES CON NEBLINAS DE ACEITE, APLICACIÓN DE AGROQUÍMICOS, PLAGUICIDAS.",Es un respirador purificador de aire que contiene un medio filtrante electroestático de alta tecnología diseñado para retener partículas y neblinas sólidas que contienen aceite. Tiene una eficiencia mínima del 99.97%. Filtro resistente al taponamiento.,,http://l6000297.ferozo.com/pdf/M17_M17V.pdf,Mascarilla desechable con válvula,"Norma: cumple con la NOM 116-stps-2009, la NMX-s-054-scfi-2013.",,
M17,"CONFIABLE EN SU USO PARA PROTECCIÓN CONTRA HUMOS NEBLINAS Y PARTÍCULAS CON ACEITE. PROCESOS DE FUNDICIÓN, SOLDADURA, PROCESOS INDUSTRIALES CON NEBLINAS DE ACEITE, APLICACIÓN DE AGROQUÍMICOS, PLAGUICIDAS.",Es un respirador purificador de aire que contiene un medio filtrante electroestático de alta tecnología diseñado para retener partículas y neblinas sólidas que contienen aceite. Tiene una eficiencia mínima del 99.97%. Filtro resistente al taponamiento.,,http://l6000297.ferozo.com/pdf/M17_M17V.pdf,Mascarilla desechable,"Norma: cumple con la NOM 116-stps-2009, la NMX-s-054-scfi-2013.",,"1) No obstaculiza la respiración. 2) Es un respirador desechable (libre de mantenimiento). 3) A prueba de aceite. 4) Sus elásticos no se deforman a altas temperaturas, brindan un ajuste cómodo gracias a los broches de ajuste a diferentes tallas. 5) Permite una respiración fácil y cómoda. 6) Son muy livianos y no distorsionan la voz. 7) Fácil de ajustar el rostro debido a su forma anatómica y ergonómica característica. Aparte cuenta con un clip nasal que brinda un sello confortable al puente nasal. 8) Gran resistencia a la deformación ocasionada por la humedad. 9) Se ajusta fácilmente debajo de los ojos. 10) Compatibilidad con otros equipos de seguridad como lo son lentes, tapones auditivos, cascos, escafandras, etc. 11) Buena relación Costo - Eficiencia. 12) Su válvula de exhalación proporciona al  usuario, frescura en el interior del respirador. 13) Resistente a la flama.  Disponible con Carbón activado.  No se use contra partículas cuyo limite máximo permisible de exposición sea menos a 0.05 mg/m³ y cuando la concentración de oxígeno sea menor a 19.5%. Este respirador no suministra oxígeno.  Norma: cumple con la NOM 116-stps-2009, la NMX-s-054-scfi-2013."
9030,"Se sugiere utilizar para aplicaciones como: trabajo de rectificado, pulido, barrido, fresado, trabajos con polvos de madera y otros trabajos que producen polvo donde no existe la presencia de neblinas de aceite.



NO USAR en atmósferas cuyo contenido de oxígeno sea menor a 19.5%. No usar en atmósferas en las que el contaminante esté en concentraciones IDLH (inmediatamente peligroso para la vida y la salud).

","Es un respirador sencillo purificador con clip nasal y doble liga. Es totalmente anatómico como todos nuestros respiradores AP, brinda un ajuste perfecto y protección contra polvos y neblinas sin presencia de aceite. Su forma de dos paneles permite que el respirador sea doblado y guardado en el bolsillo.

",9030,http://l6000297.ferozo.com/pdf/9030_9030v.pdf,Mascarilla plegable desechable,,,"1) No obstaculiza la respiración.  2) Es un respirador desechable (libre de mantenimiento).  3) Sus elásticos no se deforman a altas temperaturas.  4) Permite una respiración fácil, flexible, libre y cómoda.  5) Fácil de ajustar al rostro debido a su forma anatómica y ergonómica característica de los respiradores AP.  6) Son muy livianos y no distorsionan la voz.  7) Cuenta con clip nasal plástico el cual se moldea perfectamente al contorno facial.  8) Interior del puente nasal acojinado.  9) Gran resistencia a la deformación ocasionada por la humedad y no se colapsa.  10) Compatibilidad con otros equipos de seguridad como lo son lentes, tapones auditivos, cascos, escafandras, etc.  11) Excelente relación Costo – Eficiencia.  12) Puede ser adicionado con válvula de exhalación."
9030V,"Se sugiere utilizar para aplicaciones como: trabajo de rectificado, pulido, barrido, fresado, trabajos con polvos de madera y otros trabajos que producen polvo donde no existe la presencia de neblinas de aceite.



NO USAR en atmósferas cuyo contenido de oxígeno sea menor a 19.5%. No usar en atmósferas en las que el contaminante esté en concentraciones IDLH (inmediatamente peligroso para la vida y la salud).","Es un respirador sencillo purificador con clip nasal y doble liga. Es totalmente anatómico como todos nuestros respiradores AP, brinda un ajuste perfecto y protección contra polvos y neblinas sin presencia de aceite. Su forma de dos paneles permite que el respirador sea doblado y guardado en el bolsillo.",9030V,http://l6000297.ferozo.com/pdf/9030_9030v.pdf,Mascarilla desechable plebable con válvula,,,"1) No obstaculiza la respiración.  2) Es un respirador desechable (libre de mantenimiento).  3) Sus elásticos no se deforman a altas temperaturas.  4) Permite una respiración fácil, flexible, libre y cómoda.  5) Fácil de ajustar al rostro debido a su forma anatómica y ergonómica característica de los respiradores AP.  6) Son muy livianos y no distorsionan la voz.  7) Cuenta con clip nasal plástico el cual se moldea perfectamente al contorno facial.  8) Interior del puente nasal acojinado.  9) Gran resistencia a la deformación ocasionada por la humedad y no se colapsa.  10) Compatibilidad con otros equipos de seguridad como lo son lentes, tapones auditivos, cascos, escafandras, etc.  11) Excelente relación Costo – Eficiencia.  12) Puede ser adicionado con válvula de exhalación."
02,"Es un respirador desechable (libre de mantenimiento) de media cara; cubre nariz, boca y barbilla. Proporciona un sello adecuado al rostro del usuario para protección contra Polvos, humos y neblinas de procesos como: minerales, Fundiciones, Carbón, Negro de Humo, Algodón, Sílice, Aluminio, Hierro, Azufre, Talco, Harina, Sal, etc. El sello y desempeño es óptimo con piel seca o húmeda, cuando el usuario habla o cuando mueve la cabeza.","CLASIFICACIÓN P2 / N95Son filtros mecánicos - electroestáticos contra polvos y neblinas tóxicas libres de aceite con una eficiencia mínima del 95%.Cumple con los parámetros de la NOM-116-STPS-2009, NMX-S-054-SCFI-2002, así como las especificaciiones de la en: 149 Y LA NIOSH 42CFR84 de acuerdo a su clasificación, uso y métodos de prueba.LIMITACIONESNo se debe usar para protección contra gases, vapores o pinturas en spray, ni en atmósferas que contengan menos de 20% de oxígeno. Este respirador no suministra oxígeno.",02,http://l6000297.ferozo.com/pdf/01_02.pdf,Mascarilla desechable,,,"CLASIFICACIÓN P2 / N95 Son filtros mecánicos - electroestáticos contra polvos y neblinas tóxicas libres de aceite con una eficiencia mínima del 95%.  Cumple con los parámetros de la NOM-116-STPS-2009, NMX-S-054-SCFI-2002, así como las especificaciiones de la en: 149 Y LA NIOSH 42CFR84 de acuerdo a su clasificación, uso y métodos de prueba."
02V,"Es un respirador desechable (libre de mantenimiento) de media cara; cubre nariz, boca y barbilla. Proporciona un sello adecuado al rostro del usuario para protección contra Polvos, humos y neblinas de procesos como: minerales, Fundiciones, Carbón, Negro de Humo, Algodón, Sílice, Aluminio, Hierro, Azufre, Talco, Harina, Sal, etc. El sello y desempeño es óptimo con piel seca o húmeda, cuando el usuario habla o cuando mueve la cabeza. Recomendable para su uso cuando el trabajador realiza alguna actividad física o se encuentra en ambientes calurosos por debajo de los 60 °C.","CLASIFICACIÓN P2 / N95Son filtros mecánicos - electroestáticos contra polvos y neblinas tóxicas libres de aceite con una eficiencia mínima del 95%.Cumple con los parámetros de la NOM-116-STPS-2009, NMX-S-054-SCFI-2002, así como las especificaciones de la en: 149 Y LA NIOSH 42CFR84 de acuerdo a su clasificación, uso y métodos de prueba.",02V,http://l6000297.ferozo.com/pdf/02_02V.pdf,Mascarilla desechable,,,"CLASIFICACIÓN P2 / N95
Son filtros mecánicos - electroestáticos contra polvos y neblinas tóxicas libres de aceite con una eficiencia mínima del 95%.
Cumple con los parámetros de la NOM-116-STPS-2009, NMX-S-054-SCFI-2002, así como las especificaciones de la en: 149 Y LA NIOSH 42CFR84 de acuerdo a su clasificación, uso y métodos de prueba.
"
01,Contra polvos no tóxicos de 10 micras de diámetro en adelante. Para usarse en donde los contaminantes tengan un límite máximo permitido de exposición igual o mayor a 10 mg/m3 en el aire ambiente y la concentración de oxígeno no sea menor a 20%.,"FILTRO MECÁNICORetiene partículas por medio de impactaciones en las fibras filtrantes.

LIMITACIONES
No se use para partículas menores a 10 micras, humos metálicos, humos orgánicos, asbestos, operaciones de sandblasteo y aerosol con aceite, pintura en spray gases y vapores orgánicos.",01,http://l6000297.ferozo.com/pdf/01_02.pdf,Mascarilla desechable,,,FILTRO MECÁNICO Retiene partículas por medio de impactaciones en las fibras filtrantes.  CLASIFICACIÓN Contra polvos no tóxicos de 10 micras de diámetro en adelante. Para usarse en donde los contaminantes tengan un límite máximo permitido de exposición igual o mayor a 10 mg/m3 en el aire ambiente y la concentración de oxígeno no sea menor a 20%.
02V CA,"Es un respirador desechable de media cara, cubre nariz, boca y barbilla. Proporciona un sello adecuado para protección del usuario contra polvos molestos y partículas que no tienen aceite como las liberadas al trabajar con madera, esmeril, telas, yeso, papel, granos, harina y vidrios. Además de contar con Carbón Activado recomendable para usarse en procesos de soldadura o fundición, uso de soplete, asfaltos o procesos que desprenden humos, vapores o gases (VO/GA en pequeñas concentraciones). El desempeño óptimo del respirador es con piel seca o húmeda, cuando la cabeza se mueve y el usuario habla.","CLASIFICACIÓN P2 / N95Son filtros mecánicos y electrostáticos contra polvos y neblinas tóxicas libres de aceite con una eficiencia mínima del 95%. Cumple por los parámetros de la NOM-116-STPS-2009 y NMX-S-054-SCFI-2002.

LIMITACIONESNo debe usarse en atmósferas que contengan menos de un 20% de oxígeno, este respirador no suministra oxígeno.",02V CA,http://l6000297.ferozo.com/pdf/02_02V.pdf,Mascarilla desechable (Con carbón activado),,,
PRO - X,"Protección contra polvos y partículas derivadas de procesos industriales como lo son:
•	Corte.
•	Pulido.
•	Lijado.
•	Molienda.
•	Barrido.
*Polvos minerales de hierro, aluminio, acero, harina, madera, cemento, fibras textiles, carbón, sílice.","Respirador purificador de aire que contiene un medio filtrante electrostático de alta tecnología diseñado para retener partículas y neblinas sólidas libres de aceite.
Completamente ergonómico, clip nasal de aluminio con recubrimiento plástico, acojinamiento Interno y esponja en el puente nasal para mayor confort.",PRO - X,http://l6000297.ferozo.com/pdf/PROX_PROXV.pdf,Mascarilla desechable,,,"Completamente ergonómico, clip nasal de aluminio con recubrimiento plástico, acojinamiento Interno y esponja en el puente nasal para mayor confort."
PRO - X V,"Protección contra polvos y partículas derivadas de procesos industriales como lo son:
•	Corte.
•	Pulido.
•	Lijado.
•	Molienda.
•	Barrido.
*Polvos minerales de hierro, aluminio, acero, harina, madera, cemento, fibras textiles, carbón, sílice.","Respirador purificador de aire que contiene un medio filtrante electrostático de alta tecnología diseñado para retener partículas y neblinas sólidas libres de aceite.Completamente ergonómico, clip nasal de aluminio con recubrimiento plástico, acojinamiento Interno y esponja en el puente nasal para mayor confort.",PRO - X V,http://l6000297.ferozo.com/pdf/PROX_PROXV.pdf,Mascarilla desechable,,,"Completamente ergonómico, clip nasal de aluminio con recubrimiento plástico, acojinamiento Interno y esponja en el puente nasal para mayor confort."
PRO - X V + CA,"Protección contra polvos y partículas derivadas de procesos industriales como lo son:
•	Corte.
•	Pulido.
•	Lijado.
•	Molienda.
•	Barrido.
*Polvos minerales de hierro, aluminio, acero, harina, madera, cemento, fibras textiles, carbón, sílice.","Respirador purificador de aire que contiene un medio filtrante electrostático de alta tecnología diseñado para retener partículas y neblinas sólidas libres de aceite.Completamente ergonómico, clip nasal de aluminio con recubrimiento plástico, acojinamiento Interno y esponja en el puente nasal para mayor confort.",PRO - X V + CA,http://l6000297.ferozo.com/pdf/PROX_V_CA.pdf,Mascarilla desechable,,,"Completamente ergonómico, clip nasal de aluminio con recubrimiento plástico, acojinamiento Interno y esponja en el puente nasal para mayor confort."
FULL FACE DP 1601,"El respirador Fullface o cara completa AP DP-780, está diseñado para proteger las vías respiratorias y complementar este con la protección facial, de los diferentes agentes contaminantes que se encuentran en un ambiente laboral.","Este producto puede utilizarse con diferentes tipos de cartuchos y filtros; las entradas son de tipo bayoneta o de media vuelta, por lo cual los cartuchos pueden ser insertados fácil y rápidamente en el porta filtros.

El visor es panorámico con un rango alto de visibilidad y está hecho de policarbonato el cual resiste impactos además de brindar excelente protección contra salpicaduras químicas por estar elaborado en el sello facial y arnés con silicón. Este sello facial es más dócil y amigable al contacto con el rostro.

Este material también hace que brinde una excelente protección aun con altas temperaturas o temperaturas extremas.

Manejamos una talla que es Mediana - Grande la cual se adapta a la mayoría de las formas de rostro en el mercado Latinoamericano. Los broches están hechos de plástico y cuentan con hebillas de ajuste en el arnés de acero inoxidable.

LIMITACIONES DE USO: No usar en ambientes cuya concentración de contaminantes supere 10 veces el LMPE. No usar en atmosferas cuyo contenido de oxigeno sea menor a 19.5%, ni en atmosferas inmediatamente peligrosas para la vida y salud (IDLH).",FULL FACE 1601,http://l6000297.ferozo.com/pdf/fullface_1601.pdf,Mascara completa,,," MATERIALES:   Pieza facial                 Polibarbonato / Silicón  Color                             Verde  Arnés                            Silicón  Válvulas                       Látex  Peso                               480 Grs.  LIMITACIONES DE USO: No usar en ambientes cuya concentración de contaminantes supere 10 veces el LMPE. No usar en atmósferas cuyo contenido de oxígeno sea menor a 19.5%, ni en atmósferas inmediatamente peligrosas para la vida y salud (IDLH).   Nota: entrada tipo bayoneta"
FULL FACE DP 1602,El respirador Fullface o cara completa brinda una excelente y efectiva protección cuando se usa de acuerdo con las instrucciones de colocación y se utilizan los criterios de selección adecuados para filtros y cartuchos. Es liviano y posee un buen balance de peso al ser usado con filtros y/o cartuchos.,"Está diseñado para proporcionar flexibilidad en sus usuarios en ambientes de trabajo extremos. Con tecnología para entregar la comodidad máxima con un amplio campo visual, es un respirador muy liviano, con copa nasal y cuerpo en elastómero termoplástico y un visor (lente) que permite un campo visual superior a otros respiradores. Es totalmente hipo alergénico.

Posee una válvula de exhalación que ayuda a reducir el calor y la acumulación de humedad dentro de la pieza facial. Protege las vías respiratorias y completa esta con la protección facial, de los diferentes agentes contaminantes que se encuentran en un ambiente laboral.

Contiene un arnés con sujeción de 4 puntos para su ajuste lo que permite que este logre a ser excelente y seguro, haciendo el respirador más cómodo en la cabeza reduciendo los puntos de presión y tiraje de cabello.

También se puede usar con sistema de línea de aire.

Este producto puede utilizarse con diferentes tipos de cartuchos y filtros; las entradas son de tipo bayoneta o de media vuelta por lo cual los cartuchos pueden ser insertados fácil y rápidamente en el porta filtros.

LIMITACIONES DE USO:  NO USAR en ambiente cuya concentración de contaminantes supere 10 veces el LMPE. NO USAR en atmósferas cuyo contenido de oxígeno sea menor a 19.5%, ni en atmósferas inmediatamente peligrosas para la vida y salud (IDLH).",FULL FACE DP 1602,http://l6000297.ferozo.com/pdf/fullface_1602.pdf,Full Face AP DP-1602,,,MATERIALES:   Pieza facial                 Polibarbonato / Silicón  Color                             Gris  Bandas elásticas       Látex  Válvulas                       TPE  Contamos también con Pre filtros y retenedores.
HALF FACE DP-500,,"- La pieza facial de la serie Develop PLUS 200 es de bajo mantenimiento, cubre medio rostro y está disponible en talla mediana.

- Por sus características anatómicas como todos los productos de la marca AP® ajustan perfectamente a la mayoría de los rostros evitando fugas al interior.

- Por su diseño permite ser utilizada con otros equipos de protección personal.

- Sus grandes válvulas de inhalación y exhalación ayudan a disminuir la resistencia a la respiración.

- Sus entradas son tipo “bayoneta o de media vuelta”, lo que la hace compatible con diferentes marcas.

- Cuenta con refacciones de todas sus partes.

- Totalmente ligera.

MATERIALES:

Pieza facial                 Polímero sintético

Color                             Azul (AP - 7500)

Bandas elásticas       Eslastómero textil

Válvulas                       Látex

Arnés y antifaz          Polipropileno



LIMITACIONES DE USO:

No usar en ambientes cuya concentración

de contaminantes, supere 10 veces el LMPE.

No usar en atmosferas cuyo contenido de

oxígeno sea menor a 19.5%, ni en atmosferas

inmediatamente peligrosas para la vida y salud

(IDLH / IPVS).

Nota: entrado tipo bayoneta",HALF FACE DP-500,http://l6000297.ferozo.com/pdf/half_faces_ap7500_aps600.pdf,Mascarilla Media Cara AP 7500,,,
HALF FACE DP-600,,"- La pieza facial de la serie Develop PLUS 200 es de bajo mantenimiento, cubre medio rostro y está disponible en talla mediana.

- Por sus características anatómicas como todos los productos de la marca AP® ajustan perfectamente a la mayoría de los rostros evitando fugas al interior.

- Por su diseño permite ser utilizada con otros equipos de protección personal.

- Sus grandes válvulas de inhalación y exhalación ayudan a disminuir la resistencia a la respiración.

- Sus entradas son tipo “bayoneta o de media vuelta”, lo que la hace compatible con diferentes marcas.

- Cuenta con refacciones de todas sus partes.

- Totalmente ligera.

MATERIALES:

Pieza facial                 Polímero sintético

Color                            AP - S600

Bandas elásticas       Eslastómero textil

Válvulas                       Látex

Arnés y antifaz          Polipropileno



LIMITACIONES DE USO:

No usar en ambientes cuya concentración

de contaminantes, supere 10 veces el LMPE.

No usar en atmosferas cuyo contenido de

oxígeno sea menor a 19.5%, ni en atmosferas

inmediatamente peligrosas para la vida y salud

(IDLH / IPVS).

Nota: entrado tipo bayoneta",HALF FACE DP-600,http://l6000297.ferozo.com/pdf/half_faces_ap7500_aps600.pdf,Mascarilla Media Cara DP - 600,,,
HALF FACE DP-01 y DP-02,"Operaciones de soldadura, Industria de aluminio, acero, vidrio, farmacéutica, agroquímicos, minería, alimenticia, petroquímica, química, etc. Para usar en presencia de polvos, humos, neblinas, gases y vapores, cloro, acido clorhídrico, fluoruro de hidrogeno, dióxido de azufre, amoniaco, metilaminas, formaldehido, radio nucleídos, entre otros; según el cartucho o filtro a utilizar. (Ver especificaciones y limites)

","La pieza facial de la serie Develop PLUS 100 es de bajo mantenimiento, cubre medio rostro y está disponible en talla Mediana. Por sus características anatómicas como todos los productos de la marca AP® ajustan perfectamente a la mayoría de los rostros evitando fugas al interior. Por su diseño permite ser utilizada con otros equipo de protección personal. Sus grandes válvulas de inhalación y exhalación ayudan a disminuir la resistencia a la respiración. Sus entradas son tipo “bayoneta o de media vuelta”, lo que la hacen compatibles con diferentes marcas. Cuenta con refacciones de todas sus partes. Totalmente ligera.
MATERIALES:
Pieza facial Polímero sintético
Color Gris
Bandas elásticas Elastómero textil
Válvulas Látex
Arnés y antifaz Polipropileno


LIMITACIONES DE USO
No usar en ambientes cuya concentración de contaminantes supere 10 veces el LMPE. No usar en atmosferas cuyo contenido de oxigeno sea menor a 19.5%, ni en atmosferas inmediatamente peligrosas para la vida y salud (IDLH). 

",HALF FACE DP-01 y DP-02,http://l6000297.ferozo.com/pdf/HALF_FACE_dp01_dp02.pdf,Mascarilla media cara,"GARANTIA
La única responsabilidad del fabricante es la de reemplazar la cantidad de este producto que se pruebe ser defectuoso de fabrica. Ni el vendedor ni el fabricante serán responsables de cualquier lesión personal, perdida o daños y asean director o consecuentes que resulten del uso de este producto. Antes de utilizarlo, el usuario, deberá determinar si el producto es apropiado para el uso pretendido y el usuario asume toda responsabilidad y riesgo de conexión con dicho uso. 

",,
Cartucho D100,"Humos, Neblinas, Radio nucleídos, derivados del radón y asbestos.

","Es un cartucho diseñado para protección respiratoria contra polvos, humos, neblinas, radio nucleídos derivados del radón y asbestos, cuyo LMPE-PPT (8 horas) sea menor a 0.5 mg/m³. (NOM-010-STPS-1999)

No debe usarse en atmosferas con menos del 19.5% de Oxigeno.

",Cartucho D100 ,http://l6000297.ferozo.com/pdf/CART_D100_D101.pdf,Alta Eficiencia (HEPA),,,• Fácil colocación.  • No afecta la visibilidad del usuario.  • Le puede ser adaptado un retenedor para pre filtro.  • Entrada tipo bayoneta.  • Ligero y durable.  • Excelente relación COSTO – EFICIENCIA.  • Compatible con otras marcas. CLASIFICACION P1 N100
Cartucho D101,"Acetona, Acetaldehído, Di sulfuro, Alcohol, Bromuro, Formaldehido, Benceno, Metanol, Vapor, Petróleo, Fenol, Isocianatos, etc. Partículas y Neblinas toxicas con LMPE-PPT para 8hrs no menor a 0.05 mg/m³. (NOM-010-STPS-2000)","Es un cartucho diseñado para protección respiratoria en atmosferas conteniendo una concentración no mayor a 1000 ppm de Vapores Orgánicos.
LIMITACIONES
Atmosferas con una concentración mayor a 1000 ppm de VO. No debe usarse en atmosferas con menos del 19.5% de Oxigeno.",Vapores Orgánicos (VO),http://l6000297.ferozo.com/pdf/CART_D100_D101.pdf,Vapores Orgánicos (VO),,," Fácil colocación.  • No afecta la visibilidad del usuario.  • Trae integrado un filtro para partículas y neblinas sin aceite con una eficiencia del 95%.  • Le puede ser adaptado un retenedor para pre filtro.  • Entrada tipo bayoneta.  • Ligero y durable.  • Excelente relación COSTO – EFICIENCIA.  • Compatible con otras marcas.    CAPACIDAD DE ADSORCION DEL CARBON ACTIVADO  De los contaminantes listados, algunos son compuestos químicos específicos. Otros representan una clase de compuestos y otros son mezclas de composición variable. La capacidad del carbón activado para olores, varía con la concentración de los mismos, así como con la humedad y la temperatura del aire.  A = Alta capacidad (el carbón retiene 20% a 50% de su propio peso).  B = Capacidad satisfactoria (retiene 10% a 25% de su peso).  C = Capacidad suficiente para dar un buen servicio bajo condiciones de operación particulares, cosa que debe analizarse.  D = Baja capacidad. El carbón activado no da un servicio adecuado bajo condiciones de operación ordinarias.  *= Un carbón impregnado con cierta sustancia aumenta sensiblemente la capacidad de adsorción de este compuesto."
Cartucho D102,"Cloro, Cloruro de Hidrogeno, Dióxido de Cloro, Dióxido de Azufre, Mercaptanos, Sulfuro de Hidrogeno (Solo para escape). Partículas y Neblinas toxicas con LMPE-PPT para 8hrs no menor a 0.05 mg/m³. (NOM-010- STPS-2000)","Es un cartucho diseñado para protección respiratoria en atmosferas conteniendo una concentración no mayor a 1000 ppm de Vapores Orgánicos; 10 ppm de Cloro; 50 ppm de Acido Clorhídrico; 50 ppm de Dióxido de Azufre, Integrado con un filtro para partículas y neblinas tóxicas.

LIMITACIONES
Atmósferas con una concentración mayor a 1000 ppm de GA, 10 ppm Cloro, Cloruro de Hidrogeno y Dióxido de Azufre 50 ppm. No debe usarse en atmosferas con menos del 19.5% de Oxígeno.",Cartucho D102,http://l6000297.ferozo.com/pdf/CART_D102_D103.pdf,Gases Ácidos,,,• Fácil colocación.  • No afecta la visibilidad del usuario.  • Trae integrado un filtro para partículas y neblinas sin aceite con una eficiencia del 95%.  • Le puede ser adaptado un retenedor para pre filtro.  • Entrada tipo bayoneta.  • Ligero y durable.  • Excelente relación COSTO – EFICIENCIA.  • Compatible con otras marcas.
Cartucho D103,"Algunos Vapores Orgánicos, Cloro, Cloruro de Hidrogeno, Sulfuro de Hidrogeno (escape), Dióxido de Azufre, etc. Partículas y Neblinas toxicas con LMPE-PPT para 8hrs no menor a 0.05 mg/m³. (NOM-010- STPS-2000)","Es un cartucho diseñado para protección respiratoria en atmosferas conteniendo una concentración no mayor a 1000 ppm de Vapores Orgánicos, 10 ppm de cloro, 50 ppm de Acido Clorhídrico, 50 ppm de dióxido de Azufre.

LIMITACIONES
Atmósferas con una concentración mayor a 1000 ppm de VO, 10 ppm de cloro, 50 ppm de Acido Clorhídrico, 50 ppm de dióxido de Azufre. No debe usarse en atmósferas con menos del 19.5% de Oxígeno.

",Cartucho D103 ,http://l6000297.ferozo.com/pdf/CART_D102_D103.pdf,Vapores Orgánicos/Gases Ácidos (VO/GA),,,Fácil colocación. No afecta la visibilidad del usuario. Trae integrado un filtro para partículas y neblinas sin aceite con una eficiencia del 95%. Le puede ser adaptado un retenedor para pre filtro. Entrada tipo bayoneta. Ligero y durable. Excelente relación COSTO – EFICIENCIA. Compatible con otras marcas. CAPACIDAD DE ADSORCION DEL CARBON ACTIVADO Retiene: - Todo tipo de vapores y gases ácidos. - Todo tipo de vapores y gases orgánicos cuyo peso molecular sea mayor a 60.
Cartucho D104,Amoniaco y Metilamina. Partículas y Neblinas toxicas con LMPE-PPT para 8hrs no menor a 0.05 mg/m³. (NOM-010-STPS-2000),"Es un cartucho diseñado para protección respiratoria en atmosferas conteniendo una concentración no mayor a 300 ppm de Amoniaco y 100 ppm de Metilamina.

LIMITACIONES
Atmósferas con una concentración mayor a 300 ppm de Amoniaco y 100 ppm de Metilamina. No debe usarse en atmosferas con menos del 19.5% de Oxigeno.

",Cartucho D104 ,http://l6000297.ferozo.com/pdf/CART_D104_D106.pdf,Amoniaco y Metilamina,,,"Fácil colocación. No afecta la visibilidad del usuario. Trae integrado un filtro para partículas y neblinas sin aceite con una eficiencia del 95%. Le puede ser adaptado un retenedor para pre filtro. Entrada tipo bayoneta. Ligero y durable. Excelente relación COSTO – EFICIENCIA. Compatible con otras marcas CAPACIDAD DE ADSORCION DEL CARBON ACTIVADO Retiene: - Amoniaco (NH3) y aminas - Todo tipo de vapores orgánicos (aunque con menor capacidad que un carbón no impregnado) Compuesto con el que se sugiere hacer pruebas: - Amoniaco (NOTA: no deben hacerse pruebas organolépticas, ya que el amoniaco puede provocar paro respiratorio)"
Cartucho D106,"Formaldehido, Aldehídos, Alcoholes, Alquenos, Alquinos, Venteos, Amoniaco / Metilamina, Fluoruro de Hidrogeno. Partículas y Neblinas toxicas con LMPE-PPT para 8hrs no menor a 0.05 mg/m³. (NOM-010- STPS-2000)","Es un cartucho diseñado para protección respiratoria en atmosferas conteniendo una concentración no mayor a 1000 ppm de Vapores Orgánicos, altamente microporoso para oxidar compuestos organicos cuya volatilidad no los hace adsorbibles para un carbón estándar, entre estos están los Aldehidos, Alcoholes, Alquenos y Alquinos.
LIMITACIONES
Atmósferas con una concentración mayor a lo marcado por la regulación vigente (1000 ppm VO). No debe usarse en atmosferas con menos del 19.5% de Oxígeno.",Cartucho D106 ,http://l6000297.ferozo.com/pdf/CART_D104_D106.pdf,Multigas,,,Fácil colocación.  • No afecta la visibilidad del usuario.  • Trae integrado un filtro para partículas y neblinas sin aceite con una eficiencia del 95%.  • Le puede ser adaptado un retenedor para pre filtro.  • Entrada tipo bayoneta.  • Ligero y durable.  • Excelente relación COSTO – EFICIENCIA.  • Compatible con otras marcas.
Cartucho D109,"Mercurio con LMPE-PPT menor a 0.05 mg/m³ en 8 horas, gas Cloro con LMPE-PPT menor a 3 mg/m³ en 8 horas y Partículas y Neblinas toxicas con LMPE-PPT para 8hrs no menor a 0.05 mg/m³. (NOM-010-STPS-2000)","LIMITACIONES:
Atmósferas con una concentración mayor a lo marcado por la regulación vigente.
No debe usarse en atmósferas con menos del 19.5% de Oxigeno.",Cartucho D109 ,http://l6000297.ferozo.com/pdf/CART_D109_DUALP100.pdf,Mercurio / Gas Cloro,,,
Cartucho Develop DUAL P100,,"Todos los cartuchos pueden ser adicionados del filtro Dual.

",,http://l6000297.ferozo.com/pdf/CART_D109_DUALP100.pdf,Dual P100,,,
D1901 / 1906,,"Paquete Individual por par. Caja con 500 piezas. P100 / Carbón Activado VO/GA Entrada tipo bayoneta.
CARACTERISTICAS
1) No obstaculiza la respiración
2) No requiere mantenimiento. Hipoalergénico.
3) Su diseño le permite ser usado con con otros 
implementos de seguridad.
4) Permite una respiración fácil y cómoda.
5) Son muy ligeros, baja resistencia.
6) Buena distribución del peso en su diseño, lo que 
lo hace más cómodo en conjunto.
7) Gran resistencia a la deformación ocasionada 
por la humedad.
8) No obstaculiza la visibilidad.
9) Buena relación Costo – Eficiencia.
10) Forma anatómica.


No se use cuando las concentraciones sean mayores a 10 veces el LMPE (Media cara) o 100 veces el LMPE (Cara completa). No usar en antmósferas cuyo contenido de oxígeno sea menos de 19.5%. No usar en atmósferas en las que el contaminante este en concentraciones inmediatamente peligrosas para la vida y salud. Asbestos o polvo proveniente del lavado por Sand blasteo.

",D1901 / 1906,http://l6000297.ferozo.com/pdf/FILTRO_HEPA_1906_1901.pdf,Filtros HEPA,"NORMA: CUMPLE CON LA NOM-116-STPS-2009, LA NMX-S-054-SCFI-2013.

",,
Prefiltro y Retenedor,"Polvos y partículas sólidas sin aceite.

Esmerilado, lijado, trituración y procesamiento de minerales y otros materiales.

Existen diferentes formas de este producto adaptables a cualquier tipo de cartucho químico.","Limitaciones
No se use contra particulas cuyo límite máximo permisible de exposición para 8 horas sea menor a 0.05mg/m3 de aire y cuando la concentraciónde oxígeno sea menor a 19.5%.
Está hecho de material termoplástico de alta resistencia a temperatura, abrasión y el uso rudo que la industria requiere.


",Prefiltro y retenedor,http://l6000297.ferozo.com/pdf/PREFILTRO_RETENEDOR.pdf,Prefiltro y retenedor,,,
SCBA Firefighting,,"Este producto Ironguy® de AP MASCARILLAS puede ser ampliamente utilizado en el ramo del petróleo, químico, metalúrgico, eléctrico, construcción de barcos, militar, policía y otras industrias.
Es un equipo de respiración autónoma para personas que trabajan en ambientes con deficiencia de oxigeno o con alta presencia de gases tóxicos o humos y neblinas pesados, etc. Mientras su uso, la presión entre la pieza facial es siempre ligeramente superior que la presión externa, lo cual puede prevenir efectivamente la penetración de gases tóxicos y dañinos para el organismo.


I. Mascarilla cara completa
1. Mascarilla de silicón hipo alergénico. Cuenta con diafragma para transmisión de voz y válvula de exhalación.
2. Visor de policarbonato altamente resistente a impactos, campo de visión periférica del 98%. Anrirayaduras y antiempaño.
3. La copa nasal Interna con la cual viene equipada reduce efectivamente el espacio muerto al interior, brindando amplia comodidad al usuario.
4. Arnés de sujeción de 5 puntos acompañado de una malla de Nomex / Kevlar resistente a altas temperaturas.


II. Válvula presión demanda
1. La salida del aire depende de la necesidad del usuario.
2. El flujo de aire es no menor de 500L/min.
3. Se coloca fácilmente y en cualquier ángulo.


III. Regulador de presión
1. Presión de salida de 90psi a 135psi (6bar a 9bar), flujo de aire ≥1000L/min.
2. La válvula de seguridad integrada opera automáticamente cuando la válvula principal falla, esta puede mantener la presión de salida de 148psi a 225psi (9.9bar a 15bar).
3. Cuenta con un limitador de flujo en las conexiones de las válvulas. Cuando el manómetro o su manguera está dañada, la pérdida en el flujo de aire no es mayor a 25L/min.


IV. Cilindro de fibra de carbono y válvula de cilindro.
El cilindro viene equipado con válvula como especificación. El cilindro de fibra de carbono no muestra ninguna unión para el almacenamiento correcto del aire comprimido. Válvula antierror. Material interno resistente a corrosión.


V. Arnés y Placa Trasera
1. Placa ergonómica, ligera y flexible, fácil de operar con una sola mano.
2. El arnés que conecta los tirantes al cinturón, se puede adaptar a cualquier altura y está hecho de Nomex / Kevlar.
3. Ajustando el cinturón se distribuye el peso en los hombros.
4. Cuenta con una cinta que sujeta el cilindro firmemente al arnés.
5. Los tirantes tienen reflejante.


VI. Alarma audible y Manómetro
El manómetro de presión fosforescente indica la presión del aire incluso en la obscuridad. Tiene un anillo plástico que lo hace resistente a altos impactos. Su rango es de 0 a 400bar. La alarma audible sonara a una presión de 827±75psi (55±5bar). Esta alarma suena a 90db y le indica al usuario cuando retirarse del área.


VII. Estuche
Todos nuestros equipos vienen con estuche plástico termo formado, resistente a trabajo rudo integrado.


VIII. Accesorios adicionales que incluye este modelo
1. La válvula del cilindro con manómetro también está disponible.
2. Conexión en “Y” para que el equipo pueda ser conectado a dos mascaras o para que el usuario pueda ser conectado a una línea de aire de emergencia.
3. Válvula para llenado de cilindro.
4. Pieza facial con radiocomunicación.
5. Alarma de hombre caído (LED´S en mascara).
6. Válvula de trasvaso.
7. Todas las partes tienen refacciones.
8. Cilindro disponible para 60 minutos


IX. Cilindro


X. Parámetros


XI. Compresor de llenado

",IG-SCBA-6LF,http://l6000297.ferozo.com/pdf/scba1negro.pdf,Cilindro de Fibra de Carbono Alta Presión,,,
SCBA Industrial,,"Contiene pieza facial, arnés, cilindro, estuche.
Disponible en 30 y 60 minutos.
Alarma auduble y visible.


Descripción
Este producto Ironguy® de AP MASCARILLAS puede ser ampliamente utilizado en el ramo del petróleo, químico, metalúrgico, eléctrico, construcción de barcos, militar, policía y otras industrias.
Es un equipo de respiración autónoma para personas que trabajan en ambientes con deficiencia de oxigeno o con alta presencia de gases tóxicos o humos y neblinas pesados, etc. Mientras su uso, la presión entre la pieza facial es siempre ligeramente superior que la presión externa, lo cual puede prevenir efectivamente la penetración de gases tóxicos y dañinos para el organismo.


I. Mascarilla cara completa
1. Mascarilla de silicón hipo alergénico. Cuenta con diafragma para transmisión de voz y válvula de exhalación.
2. Visor de policarbonato altamente resistente a impactos, campo de visión periférica del 98%. Anrirayaduras y antiempaño.
3. La copa nasal Interna con la cual viene equipada reduce efectivamente el espacio muerto al interior, brindando amplia comodidad al usuario.

4. Arnés de sujeción de 5 puntos acompañado de una malla de Nomex / Kevlar resistente a altas temperaturas.


II. Válvula presión demanda
1. La salida del aire depende de la necesidad del usuario.
2. El flujo de aire es no menor de 500L/min.
3. Se coloca fácilmente y en cualquier ángulo.


III. Regulador de presión
1. Presión de salida de 90psi a 135psi (6bar a 9bar), flujo de aire ≥1000L/min.
2. La válvula de seguridad integrada opera automáticamente cuando la válvula principal falla, esta puede mantener la presión de salida de 148psi a 225psi (9.9bar a 15bar).
3. Cuenta con un limitador de flujo en las conexiones de las válvulas. Cuando el manómetro o su manguera está dañada, la pérdida en el flujo de aire no es mayor a 25L/min.


IV. Cilindro de aluminio y válvula de cilindro.
El cilindro viene equipado con válvula como especificación. El cilindro de aluminio no muestra ninguna unión para el almacenamiento correcto del aire comprimido. Válvula antierror. Material resistente a corrosión.


V. Arnés y Placa Trasera
1. Placa ergonómica, ligera y flexible, fácil de operar con una sola mano.
2. El arnés que conecta los tirantes al cinturón, se puede adaptar a cualquier altura.
3. Ajustando el cinturón se distribuye el peso en los hombros.
4. Cuenta con una cinta que sujeta el cilindro firmemente al arnés.
5. Los tirantes tienen reflejante.



VI. Alarma audible y Manómetro
El manómetro de presión fosforescente indica la presión del aire incluso en la obscuridad. Tiene un anillo plástico que lo hace resistente a altos impactos. Su rango es de 0 a 400bar. La alarma audible sonara a una presión de 827±75psi (55±5bar).
Esta alarma suena a 90db y le indica al usuario cuando retirarse del área.


VII. Parámetros
Volumen 6.0L Presión de alarma 5.5 ± 0.5Mpa
Presión de Operación 30Mpa Sonido de alarma ≥90db
Resistencia a la Inhalación ≤500pa Tiempo de duración 60min/persona
Resistencia a la exhalación ≤1000pa Temperatura de uso -30°C a 60°C


VIII. Estuche
Todos nuestros equipos vienen con estuche plástico termo
formado, resistente a trabajo rudo integrado.
IX. Accesorios
1. La válvula del cilindro con manómetro también está disponible.
2. Conexión en “Y” para que el equipo pueda ser conectado a dos mascaras o para que el usuario pueda ser conectado a una línea de aire de emergencia.
3. Válvula para llenado de cilindro.
4. Pieza facial con radiocomunicación.
5. Alarma de hombre caído.
6. Todas las partes tienen refacciones.

7. Cilindro disponible para 30 minutos


X. Alternativas de los cilindros


XI. Compresor de llenado

Contamos con compresores de llenado para SCBA eléctricos y de Gasolina.",IG-SCBA-6LI,http://l6000297.ferozo.com/pdf/scba_amar.pdf,Cilindro de Metal Alta Presión,,,
SCBA Opciones de Rescate,,,SCBA Opciones de Rescate,,SCBA Opciones de Rescate,,,
Válvula del cilindro con manómetro,,,,,Valvula,,,
Mascarilla completa con radiocomunicación y led,,,,,Mascarilla Completa,,,
Válvula de presión de mando o de segunda etapa,,,Componente adicional 6,,Valvula,,,
Manómetro de presión,,,Componente adicional 7,,Manómetro,,,
Sistema de Cascada,,"•Cilindros de fibra de carbono.
•Duración de 4 horas.
•Longitud de 50 metros.
•Alarma audible y visible.
•Dos usuarios simultáneos.",IG-MBA,,,,,
Mascarilla de Escape,,"•Capucha de papel aluminio con recubrimiento interno Textil Ignifugo.
•40 minutos de duración.
•Protege contra CO, HCN (Cianuros), vapores y humos venenosos originados de la combustión.
•Ideal para escape a incendios.",IG-FEM,,Mascarilla de Escape,,,
Escape Flujo Contínuo,,"•Capucha hecha de material inofensivo y amigable con el ambiente.

•Flujo continuo suministrado a la capucha a 38 lpm.

•El diseño particular del flujo de aire brinda al usuario confort y hace que la parte interna de la capucha se ajuste eficientemente al rostro.

•Cuenta con válvulas de exhalación.

•Duración 15 a 20 o de 20 a 30 minutos.", IG-EFC,,Escape Flujo Contínuo,,,
Escape Presión Demanda,,"•Ayuda al escape seguro del usuario de un ambiente peligroso.
•Se carga al hombro lo que ayuda al libre uso de brazos por parte del usuario.
•Cilindro de fibra de carbono perfectamente cubierto.
•Duración de 15 a 20 o de 20 a 30 minutos.

•Equipo redituable y seguro para el escape de los trabajadores.",IG-EPD,,Escape Presión Demanda,,,
Equipo de Circuito Cerrado,,"•Presión positiva.
•Contratipo directo del equipo Drager PSS BG4 Plus.
•Brinda una alta seguridad.
•Súper redituable.
•Muy confortable.
•Duración 4 horas.
•Excelente aplicación en ambientes tóxicos, hipoxia, humos, con contaminantes altamente peligrosos.",IG-OBA,,Equipo de Circuito Cerrado,,,
Traje de Bombero 01,,"Marca: Iron Guy

Tamaño: XXL, XL, L, M

Color: Azul marino, naranja para la opción.

Material: 100% algodón retardante de fuego, recubierto PTEF kevlar, carbono fieltro, tela transpirable, cinta reflectante.

Peso Neto: 2.74 kg /set

Capa: 4layers

Certificación Europea",IG-FFSS01,,Traje de Bombero,,,
Traje de Bombero 03,,"Marca: Iron Guy
Tamaño: XXL, XL, L, M
Color: Amarillo, Dorado, Naranja y Azul
Material: Aramid, PTEF recubierto kevlar, carbono fieltro, tela transpirable, cinta reflectante.
Peso Neto: 3.48 kg /set
Capa: 4layers
Certificación NFPA",IG-FFS03,,Traje de Bombero,,,
Traje Encapsulado,,"•Retardante a la flama.
•Resistente al calor.
•Impermeable.
•Resistente a ácidos, álcalis y a gases o líquidos que contengan fosforo o azufre.
•Bolsa de transportación incluida.
•Ideal para usarse con SCBA-
•Amplio visor.
•Resiste alto voltaje.
•Botas de hule natural resistentes a pinchaduras.
-GROSOR: 0.45mm ± 0.05mm.
-ACIDOS: 80% Acido Sulfúrico, 60% Acido Nítrico, 30% Acido Clorhídrico
-ALCALIS: 6.1 mol/L Hidróxido de Sodio.
-RETARDANTE FLAMA ≤ 10 seg.",IG-ENCAP,,Traje Encapsulado,,,
Lente Sargento,,"•Armazón de nylon con varilla retráctil.
•Brinda excelente ajuste.
•Mono lente de policarbonato.
•Filtra el 99% de rayos UV.
•Tratamiento antirayaduras.
•Puente nasal.
•Protección lateral.
•Armazón de color negro.","IG-1101

",,Lentes,,,
Monogogle VD,,"•Material Hipoalergenico en PVC.

•Es muy suave eliminando los puntos de presión.

•Visión periférica.

•100% Policarbonato resistente a impactos.

•Paneles y marcos perforados para proporcionar máxima ventilación.

•Se ajusta a la cara aun con lentes de prescripción.

•Absorbe el 99% de los rayos UV.

•Para áreas donde no haya polvos, vapores o rocíos.","IG-1033

",,Lentes,,,
Monogogle VI,,"•Material Hipoalergenico en PVC.
•Es muy suave eliminando los puntos de presión.
•Visión periférica.
•100% Policarbonato resistente a impactos.
•Sistema de ventilación que elimina el empañamiento.
•Se ajusta a la cara aun con lentes de prescripción.
•Absorbe el 99% de los rayos UV.","IG-1051

",,Lentes,,,
Lentes Steel,,,Lentes Steel,,Lentes,,,
Protector Facial,,"•Cabezal termoplástico con ajuste de matraca.

•Banda textil para absorber la sudoración.

•Universal.

•Mica de PVC contorno de aluminio.

•Absorbe el 99% de los rayos UV.

•Mica de 8” X 15.5” X 1mm.","IG-416

",,Protector Facial,,,
Careta Móvil,,"•Careta para soldador termoplástica.

•Suspensión de ajuste de matraca.

•Banda textil para absorber sudoración.

•Ventana móvil para mayor comodidad y rapidez de trabajo.

•Buen rango de visión, ventana de 108 X 50 mm.

•Protección contra el riesgo de impacto.

•Sombra 10.

•Peso menos de 450 gr.","IG-402

",,Careta,,,
Orejera Diadema,,"•Orejera reutilizable de diadema.

•Conchas de PVC.

•Acojinamiento interno para mayor atenuación y mejor comodidad.

•Atenuación de 27 db.

•Permite múltiples posiciones."," IG-601

",,Orejera,,,
Tapón Auditivo,,"•Tapón reutilizable de Silicón con cordón de PVC.
•Diseño de triple falange.
•Atenuación de 26 db.
•Puede ser limpiado repetidas veces sin sufrir alteraciones.
•Empaque en bolsa individual.
• https://www.apmascarillas.com.mx/#!/-inicio/","IG-603

",,Tapón Auditivo,,,
Tapón Auditivo IG-EP-PU,,,Tapón Auditivo IG-EP-PU,,Tapón Auditivo,,,
Bota de Bombero,,,Bota de Bombero,,Botas,,,
Botas Borcegui Mod. 500,,,Botas Borcegui Mod. 500,,Botas,,,
Botas Ropper Petrolera Mod. 021,,,Botas Ropper Petrolera Mod. 021,,Botas,,,
Bota Jardinera,,,Bota Jardinera,,Botas,,,
Chaleco Reflejante,,,Chaleco Reflejante,,Chaleco,,,
Faja IG-F3ERC,,,Faja  IG-F3ERC,,Faja,,,
Faja Pesista IG-FPES,,,Faja Pesista IG-FPES,,Faja,,,
Compresor para llenado Diésel,,"Presión de ruido: 83 dB

Número de etapas y cilindros : 4

Engrase de capacidad de aceite : 300cc ( 0,3 L ) 10 fl.oz.

Lubricante : CE 750

Separador de aceite / humedad : Después de la última etapa

Filtración : El cartucho del filtro de carbón activo y tamiz molecular

Filtro de aspiración : 2 micras de papel - 25 micronb poliéster

Respirando aire : EN 12021 CGA E","Compresor Diésel

",,Compresor,,,
Compresor para llenado Eléctrico,,"Tasa de carga: 100L / min - 6m2 / h 3,5 CFM
Llenado de cilindros tiempo: 6L 0-300 6,8 bar / 20,4 min
                                     12L0-200 bar / 24 min
Presión de trabajo: 225 bar / 3300 PSI 300 bar / 4300 PSI
Completo amplificador de carga : 6,7 A ( 400 V - 50 a 60 Hz )
Impulsado por: trifásico motor eléctrico
Potencia: 3 Kw
Dimensiones: Alto 35 cm, ancho 65 cm , profundidad 39 cm
Peso en seco : 39 Kg / 85 libras","Compresor eléctrico

",,Compresor eléctrico,,,
Compresor de aire portátil,,"Nombre del producto: Compresor Eléctrico de aire portátil
Marca: Ironguy Modelo : IG- MCH 6 ET
Índice de carga : 100L / min
Peso neto: 39 kg / set",Compresor Eléctrico Portátil,,Compresor Eléctrico Portátil,,,
Guantes de Carnaza,,"Guantes de protección para uso industrial en varios modelos, colores y para necesidades especificas.",,,Guantes de protección,,,
Guante de Nitrilo,,,Guante de Nitrilo,,Guantes de Nitrilo,,,
Guante de Nylon,,,Guante de Nylon recubierto de Poliuretano con Nitrilo,,Guantes de Nylon,,,
Guantes Soldador,,,Guantes Soldador,,Guantes Soldador,,,
Overol con reflejante,,,Overol con reflejante,,Overoles,,,
Traje químico concentraciones bajas,,,Traje químico ,,Traje químico,,,
Impermeable / Gabardina,,,Impermeable / Gabardina,,Impermeable,,,
Casco de Seguridad Industrial,,"Casco de Seguridad Industrial
Diseñados para protegerte contra impactos y tensión eléctrica ya que reduce la fuerza de impacto de objetos en caída y el peligro de contacto con conductores energizados a alta tensión eléctrica de hasta 20,000 V.


Con una gran variedad de colores para los diferentes necesidades y comunicación de tu empresa.",Casco de Seguridad Industrial,http://l6000297.ferozo.com/pdf/CASCOS_chalecos%20AP_web.pdf,Casco de Seguridad Industrial,,,
Kit de Arnés IG-MOCH,,,Kit de Arnés  IG-MOCH,,Kit de Arnés,,,
Detector de Multigas 4X,,"Detector de Multigas 4X

- Robusto

- Portable

- Alarma audible y visible

- Números, caracteres, al igual que valores instantáneos, picos y promedios se muestran en pantalla

- Auto-ajustable desde el display al prenderlo en aspectos como batería, funcionamiento de sensores y alarmas

- Bajo costo de mantenimiento

- Soporte de detección de gas en 1,2,3 o 4 tipos

- Alarma audible superior","Detector de multigas, robusto, portable y con alarma audible y visible.",http://l6000297.ferozo.com/pdf/detector_gas.pdf,Detector de Multigas,,,
Display autosustentable,,"Display POP para promocionar productos de AP realizado en MDF con secciones cuadradas, vestido con artes de la marca AP MASCARILLAS, y ganchos para exhibición.",Display autosustentable,,Display autosustentable,,,
Sin nombre 2,,,,,,,,
Sin nombre 3,,,,,,,,
Sin nombre 4,,,,,,,,
Sin nombre 5,,,,,,,,
Sin nombre 19,,,,,,,,
Sin nombre 22,,,,,,,,
Sin nombre 37,,,,,,,,